hello,"hello, how can I help you? I can help you with finding products, searching shops, and negotiating the prices. What product would you like to buy?"
hello,"hello, how can I help you? I can help you with finding products, searching shops, and negotiating the prices. What product would you like to buy?"
Show me products,Here are your top picks for products :
hello,"hello, how can I help you? I can help you with finding products, searching shops, and negotiating the prices. What product would you like to buy?"
hello,"hello, how can I help you? I can help you with finding products, searching shops, and negotiating the prices. What product would you like to buy?"
hello,"hello, how can I help you? I can help you with finding products, searching shops, and negotiating the prices. What product would you like to buy?"
hello,"hello, how can I help you? I can help you with finding products, searching shops, and negotiating the prices. What product would you like to buy?"
hello,"hello, how can I help you? I can help you with finding products, searching shops, and negotiating the prices. What product would you like to buy?"
Show me products,Here are your top picks for products :
hello,"hello, how can I help you? I can help you with finding products, searching shops, and negotiating the prices. What product would you like to buy?"
WELCOME,
WELCOME,
Show me products,Here are your top picks for products :
Show me products,Here are your top picks for products :
Show me products,Here are your top picks for products :
Show me products,Here are your top picks for products :
hello,"hello, how can I help you? I can help you with finding products, searching shops, and negotiating the prices. What product would you like to buy?"
Show me products,Here are your top picks for products :
hello,"hello, how can I help you? I can help you with finding products, searching shops, and negotiating the prices. What product would you like to buy?"
hello,"hello, how can I help you? I can help you with finding products, searching shops, and negotiating the prices. What product would you like to buy?"
hello,"hello, how can I help you? I can help you with finding products, searching shops, and negotiating the prices. What product would you like to buy?"
hello,"hello, how can I help you? I can help you with finding products, searching shops, and negotiating the prices. What product would you like to buy?"
hello,"hello, how can I help you? I can help you with finding products, searching shops, and negotiating the prices. What product would you like to buy?"
hello,"hello, how can I help you? I can help you with finding products, searching shops, and negotiating the prices. What product would you like to buy?"
hello,"hello, how can I help you? I can help you with finding products, searching shops, and negotiating the prices. What product would you like to buy?"
hello,"hello, how can I help you? I can help you with finding products, searching shops, and negotiating the prices. What product would you like to buy?"
Show me products,Here are your top picks for products :
Show me products,Here are your top picks for products :
Show me products,Here are your top picks for products :
Hello,"Hello, how can I help you? I can help you with finding products, searching shops, and negotiating the prices. What product would you like to buy?"
Show me products,Here are your top picks for products :
I want bottle,Here are your top picks for bottle :
who is Arsha,I'm a bit confused.
hi,"hi, how can I help you? I can help you with finding products, searching shops, and negotiating the prices. What product would you like to buy?"
Show me products,Here are your top picks for products :
i want to die,I'm a bit confused.
hello,"hello, how can I help you? I can help you with finding products, searching shops, and negotiating the prices. What product would you like to buy?"
Show me products,Here are your top picks for products :
hello,"hello, how can I help you? I can help you with finding products, searching shops, and negotiating the prices. What product would you like to buy?"
why Arsha is crazy,I'm afraid I don't understand.
who is arsha?,I'm not sure I follow.
hello,"hello, how can I help you? I can help you with finding products, searching shops, and negotiating the prices. What product would you like to buy?"
hello,"hello, how can I help you? I can help you with finding products, searching shops, and negotiating the prices. What product would you like to buy?"
hello,"hello, how can I help you? I can help you with finding products, searching shops, and negotiating the prices. What product would you like to buy?"
Show me products,Here are your top picks for products :
Show me products,Here are your top picks for products :
Show me products,Here are your top picks for products :
Show me products,Here are your top picks for products :
Show me products,Here are your top picks for products :
Show me products,Here are your top picks for products :
hello,"hello, how can I help you? I can help you with finding products, searching shops, and negotiating the prices. What product would you like to buy?"
Show me products,Here are your top picks for products :
podoo,I'm sorry. I didn't quite grasp what you just said.
i want harpic,Here are your top picks for harpic :
Show me harpic,Here are your top picks for harpic :
can I get harpic,Here are your top picks for harpic :
i want facewash,Here are your top picks for facewash :
Show me product page,Here are your top picks for product :
hello,"hello, how can I help you? I can help you with finding products, searching shops, and negotiating the prices. What product would you like to buy?"
hello,"hello, how can I help you? I can help you with finding products, searching shops, and negotiating the prices. What product would you like to buy?"
Show me products,Here are your top picks for products :
Show me products,Here are your top picks for products :
Show me products,Here are your top picks for products :
hello,"hello, how can I help you? I can help you with finding products, searching shops, and negotiating the prices. What product would you like to buy?"
Show me products,Here are your top picks for products :
Show me products,Here are your top picks for products :
Show me products,Here are your top picks for products :
Show me products,Here are your top picks for products :
Show me products,Here are your top picks for products :
Show me products,Here are your top picks for products :
Show me products,Here are your top picks for products :
hello,"hello, how can I help you? I can help you with finding products, searching shops, and negotiating the prices. What product would you like to buy?"
hello,"hello, how can I help you? I can help you with finding products, searching shops, and negotiating the prices. What product would you like to buy?"
i want harpic,Here are your top picks for harpic :
hello,"hello, how can I help you? I can help you with finding products, searching shops, and negotiating the prices. What product would you like to buy?"
hello,"hello, how can I help you? I can help you with finding products, searching shops, and negotiating the prices. What product would you like to buy?"
hello,"hello, how can I help you? I can help you with finding products, searching shops, and negotiating the prices. What product would you like to buy?"
hello,"hello, how can I help you? I can help you with finding products, searching shops, and negotiating the prices. What product would you like to buy?"
hello,"hello, how can I help you? I can help you with finding products, searching shops, and negotiating the prices. What product would you like to buy?"
hello,"hello, how can I help you? I can help you with finding products, searching shops, and negotiating the prices. What product would you like to buy?"
hello,"hello, how can I help you? I can help you with finding products, searching shops, and negotiating the prices. What product would you like to buy?"
hello,"hello, how can I help you? I can help you with finding products, searching shops, and negotiating the prices. What product would you like to buy?"
hello,"hello, how can I help you? I can help you with finding products, searching shops, and negotiating the prices. What product would you like to buy?"
Show me products,Here are your top picks for products :
I want harpic,Here are your top picks for harpic :
I want shoes,Here are your top picks for shoes :
I want harpic,Here are your top picks for harpic :
hello,"hello, how can I help you? I can help you with finding products, searching shops, and negotiating the prices. What product would you like to buy?"
hello,"hello, how can I help you? I can help you with finding products, searching shops, and negotiating the prices. What product would you like to buy?"
hello,"hello, how can I help you? I can help you with finding products, searching shops, and negotiating the prices. What product would you like to buy?"
hello,"hello, how can I help you? I can help you with finding products, searching shops, and negotiating the prices. What product would you like to buy?"
hello,"hello, how can I help you? I can help you with finding products, searching shops, and negotiating the prices. What product would you like to buy?"
hello,"hello, how can I help you? I can help you with finding products, searching shops, and negotiating the prices. What product would you like to buy?"
hello,"hello, how can I help you? I can help you with finding products, searching shops, and negotiating the prices. What product would you like to buy?"
hello,"hello, how can I help you? I can help you with finding products, searching shops, and negotiating the prices. What product would you like to buy?"
hello,"hello, how can I help you? I can help you with finding products, searching shops, and negotiating the prices. What product would you like to buy?"
hello,"hello, how can I help you? I can help you with finding products, searching shops, and negotiating the prices. What product would you like to buy?"
hello,"hello, how can I help you? I can help you with finding products, searching shops, and negotiating the prices. What product would you like to buy?"
hello,"hello, how can I help you? I can help you with finding products, searching shops, and negotiating the prices. What product would you like to buy?"
Show me products,Here are your top picks for products :
Show me products,Here are your top picks for products :
hello,"hello, how can I help you? I can help you with finding products, searching shops, and negotiating the prices. What product would you like to buy?"
hello,"hello, how can I help you? I can help you with finding products, searching shops, and negotiating the prices. What product would you like to buy?"
hello,"hello, how can I help you? I can help you with finding products, searching shops, and negotiating the prices. What product would you like to buy?"
Show me products,Here are your top picks for products :
Show me products,Here are your top picks for products :
Show me products,Here are your top picks for products :
Show me products,Here are your top picks for products :
hello,"hello, how can I help you? I can help you with finding products, searching shops, and negotiating the prices. What product would you like to buy?"
Show me products,Here are your top picks for products :
Show me products,Here are your top picks for products :
hello,"hello, how can I help you? I can help you with finding products, searching shops, and negotiating the prices. What product would you like to buy?"
are you single,I'm sorry. I'm having trouble understanding the question.
Show me products,Here are your top picks for products :
what is shoe,Here are your top picks for shoes :
hello,"hello, how can I help you? I can help you with finding products, searching shops, and negotiating the prices. What product would you like to buy?"
hello,"hello, how can I help you? I can help you with finding products, searching shops, and negotiating the prices. What product would you like to buy?"
Show me products,Here are your top picks for products :
Show me products,Here are your top picks for products :
I want harpic,Here are your top picks for harpic :
I want harpic,Here are your top picks for harpic :
i want harpic,Here are your top picks for harpic :
Show me products,Here are your top picks for products :
Show me harpic,Here are your top picks for harpic :
i want harpic,Here are your top picks for harpic :
Show me products,Here are your top picks for products :
Show me products,Here are your top picks for products :
i want harpic,Here are your top picks for harpic :
Show me products,Here are your top picks for products :
i want harpic,Here are your top picks for harpic :
i want harpic,Here are your top picks for harpic :
Show me products,Here are your top picks for products :
i want harpic,Here are your top picks for harpic :
Show me products,Here are your top picks for products :
Show me products,Here are your top picks for products :
Show me products,Here are your top picks for products :
i want harpic,Here are your top picks for harpic :
Show me products,Here are your top picks for products :
Show me products,Here are your top picks for products :
Show me products,Here are your top picks for products :
Show me harpic,Here are your top picks for harpic :
Show me products,Here are your top picks for products :
Show me dried,Here are your top picks for dried fruits and seeds :
Show me makeup,Here are your top picks for Makeup :
